{
  "timestamp": "2025-10-25T02:11:53.674959",
  "config": {
    "num_users": 50,
    "server_url": "ws://localhost:8765",
    "warmup": true
  },
  "summary": {
    "total_time": 51.6992027759552,
    "total_messages": 1499,
    "messages_per_second": 28.99464439511958,
    "success_rate": 100.0,
    "errors": 0,
    "overall_compression_ratio": 1.1249092932127134,
    "bandwidth_saved_percent": 11.103943577172837
  },
  "latencies": {
    "average_ms": 2.949398306706017,
    "median_ms": 0.4394054412841797,
    "min_ms": 0.24652481079101562,
    "max_ms": 113.30509185791016,
    "p95_ms": 6.8111419677734375,
    "p99_ms": 89.54048156738281
  },
  "compression": {
    "total_original_size": 69759,
    "total_compressed_size": 62013,
    "overall_ratio": 1.1249092932127134,
    "ai_ratio": 1.0629380270686366,
    "human_ratio": 1.2707364550665081,
    "method_counts": {
      "UNCOMPRESSED": 690,
      "BINARY_SEMANTIC": 675,
      "AURA_LITE": 45,
      "AURALITE": 88,
      "BRIO": 1
    },
    "length_buckets": {
      "<50": 2.39366364032165,
      "100-200": 1.050771023560395,
      "50-100": 1.9645415181021313,
      "200-500": 1.0474574650294826
    }
  }
}