{
  "timestamp": "2025-10-25T02:18:15.164569",
  "config": {
    "num_users": 50,
    "server_url": "ws://localhost:8765",
    "warmup": true
  },
  "summary": {
    "total_time": 52.91951084136963,
    "total_messages": 1504,
    "messages_per_second": 28.420519692790766,
    "success_rate": 100.0,
    "errors": 0,
    "overall_compression_ratio": 1.1385179828197485,
    "bandwidth_saved_percent": 12.166516902674063
  },
  "latencies": {
    "average_ms": 2.9736536931484303,
    "median_ms": 0.4467964172363281,
    "min_ms": 0.2570152282714844,
    "max_ms": 95.39675712585449,
    "p95_ms": 7.158994674682617,
    "p99_ms": 76.05338096618652
  },
  "compression": {
    "total_original_size": 64546,
    "total_compressed_size": 56693,
    "overall_ratio": 1.1385179828197485,
    "ai_ratio": 1.0800699042508677,
    "human_ratio": 1.286318934395618,
    "method_counts": {
      "UNCOMPRESSED": 685,
      "BINARY_SEMANTIC": 718,
      "AURA_LITE": 40,
      "AURALITE": 60,
      "BRIO": 1
    },
    "length_buckets": {
      "<50": 2.3719381382547735,
      "50-100": 1.6197470241461207,
      "100-200": 1.058152984786594,
      "200-500": 1.0497755056897093
    }
  }
}