{
  "timestamp": "2025-10-25T02:01:46.656087",
  "config": {
    "num_users": 50,
    "server_url": "ws://localhost:8765",
    "warmup": true
  },
  "summary": {
    "total_time": 58.334739685058594,
    "total_messages": 1540,
    "messages_per_second": 26.39936354073495,
    "success_rate": 100.0,
    "errors": 0,
    "overall_compression_ratio": 1.1142041596807493,
    "bandwidth_saved_percent": 10.249841439604035
  },
  "latencies": {
    "average_ms": 2.7938045464552843,
    "median_ms": 0.44989585876464844,
    "min_ms": 0.2579689025878906,
    "max_ms": 112.83659934997559,
    "p95_ms": 7.1735382080078125,
    "p99_ms": 81.47025108337402
  },
  "compression": {
    "total_original_size": 80411,
    "total_compressed_size": 72169,
    "overall_ratio": 1.1142041596807493,
    "ai_ratio": 1.0644896502498216,
    "human_ratio": 1.2869365738731477,
    "method_counts": {
      "AURA_LITE": 56,
      "UNCOMPRESSED": 661,
      "BINARY_SEMANTIC": 710,
      "AURALITE": 110,
      "BRIO": 3
    },
    "length_buckets": {
      "50-100": 1.8366241059751651,
      "<50": 2.459873736464674,
      "100-200": 1.049374084070112,
      "200-500": 1.0417142126775893
    }
  }
}