{
  "timestamp": "2025-10-25T02:25:17.090015",
  "config": {
    "num_users": 50,
    "server_url": "ws://localhost:8765",
    "warmup": true
  },
  "summary": {
    "total_time": 56.03798818588257,
    "total_messages": 1504,
    "messages_per_second": 26.838936383852854,
    "success_rate": 100.0,
    "errors": 0,
    "overall_compression_ratio": 1.1802491941033721,
    "bandwidth_saved_percent": 15.272130241978799
  },
  "latencies": {
    "average_ms": 3.9445672263490392,
    "median_ms": 0.46455860137939453,
    "min_ms": 0.26154518127441406,
    "max_ms": 162.7812385559082,
    "p95_ms": 7.7533721923828125,
    "p99_ms": 103.8808822631836
  },
  "compression": {
    "total_original_size": 65171,
    "total_compressed_size": 55218,
    "overall_ratio": 1.1802491941033721,
    "ai_ratio": 1.1327819777766504,
    "human_ratio": 1.2986708860759493,
    "method_counts": {
      "UNCOMPRESSED": 563,
      "BINARY_SEMANTIC": 713,
      "AURA_LITE": 163,
      "AURALITE": 64,
      "BRIO": 1
    },
    "length_buckets": {
      "<50": 2.416390700907859,
      "100-200": 1.0481122252517554,
      "50-100": 1.9349492067248244,
      "200-500": 1.0397052997154919
    }
  }
}