{
  "samples": 50,
  "brotli": {
    "encode_ms": 12.831830768845975,
    "decode_ms": 0.1274583046324551,
    "sizes": [
      35,
      48,
      31,
      66,
      17,
      74,
      35,
      48,
      31,
      66,
      17,
      74,
      35,
      48,
      31,
      66,
      17,
      74,
      35,
      48,
      31,
      66,
      17,
      74,
      35,
      48,
      31,
      66,
      32,
      55,
      22,
      38,
      24,
      71,
      36,
      70,
      18,
      41,
      35,
      48,
      31,
      66,
      32,
      55,
      22,
      38,
      24,
      71,
      36,
      70
    ]
  },
  "aura": {
    "encode_ms": 13.744666939601302,
    "decode_ms": 0.994168920442462,
    "metadata_iter_ms": 0.04012713907286525,
    "sizes": [
      32,
      49,
      28,
      326,
      17,
      313,
      32,
      49,
      28,
      326,
      17,
      313,
      32,
      49,
      28,
      326,
      17,
      313,
      32,
      49,
      28,
      326,
      17,
      313,
      32,
      49,
      28,
      326,
      29,
      345,
      19,
      544,
      22,
      390,
      33,
      428,
      15,
      371,
      32,
      49,
      28,
      326,
      29,
      345,
      19,
      544,
      22,
      390,
      33,
      428
    ],
    "metadata_entries": [
      0,
      0,
      0,
      44,
      0,
      43,
      0,
      0,
      0,
      44,
      0,
      43,
      0,
      0,
      0,
      44,
      0,
      43,
      0,
      0,
      0,
      44,
      0,
      43,
      0,
      0,
      0,
      44,
      0,
      47,
      0,
      76,
      0,
      54,
      0,
      58,
      0,
      51,
      0,
      0,
      0,
      44,
      0,
      47,
      0,
      76,
      0,
      54,
      0,
      58
    ],
    "fast_path_candidates": 7
  }
}