{
  "metadata": {
    "quick": true,
    "include_large": false,
    "brotli_available": false,
    "zstd_available": false,
    "timestamp": 1761137445.6556978
  },
  "results": [
    {
      "dataset": "ai_text_small_64",
      "category": "small",
      "size_bytes": 64,
      "aura_ratio": 0.9846153846153847,
      "aura_compress_ms": 0.0033329997677356005,
      "aura_decompress_ms": 0.0018330174498260021,
      "aura_packet_count": 1,
      "aura_handshake_ms": 1.7503749986644834,
      "gzip_ratio": 0.8205128205128205,
      "gzip_compress_ms": 0.054917007219046354,
      "gzip_decompress_ms": 0.032791984267532825,
      "brotli_ratio": null,
      "brotli_compress_ms": null,
      "brotli_decompress_ms": null,
      "zstd_ratio": null,
      "zstd_compress_ms": null,
      "zstd_decompress_ms": null
    },
    {
      "dataset": "ai_text_medium_2048",
      "category": "medium",
      "size_bytes": 2048,
      "aura_ratio": 1.4493984430290163,
      "aura_compress_ms": 11.077542003476992,
      "aura_decompress_ms": 1.671832986176014,
      "aura_packet_count": 1,
      "aura_handshake_ms": 1.5019159764051437,
      "gzip_ratio": 12.412121212121212,
      "gzip_compress_ms": 0.04362498293630779,
      "gzip_decompress_ms": 0.02970799687318504,
      "brotli_ratio": null,
      "brotli_compress_ms": null,
      "brotli_decompress_ms": null,
      "zstd_ratio": null,
      "zstd_compress_ms": null,
      "zstd_decompress_ms": null
    },
    {
      "dataset": "natural_text_small_64",
      "category": "small",
      "size_bytes": 64,
      "aura_ratio": 0.9846153846153847,
      "aura_compress_ms": 0.002042012056335807,
      "aura_decompress_ms": 0.0014170072972774506,
      "aura_packet_count": 1,
      "aura_handshake_ms": 1.265708007849753,
      "gzip_ratio": 0.8311688311688312,
      "gzip_compress_ms": 0.018708000425249338,
      "gzip_decompress_ms": 0.02070798655040562,
      "brotli_ratio": null,
      "brotli_compress_ms": null,
      "brotli_decompress_ms": null,
      "zstd_ratio": null,
      "zstd_compress_ms": null,
      "zstd_decompress_ms": null
    },
    {
      "dataset": "natural_text_medium_2048",
      "category": "medium",
      "size_bytes": 2048,
      "aura_ratio": 1.3791245791245792,
      "aura_compress_ms": 11.482333007734269,
      "aura_decompress_ms": 1.7061250109691173,
      "aura_packet_count": 1,
      "aura_handshake_ms": 1.1687080259434879,
      "gzip_ratio": 12.047058823529412,
      "gzip_compress_ms": 0.045083987060934305,
      "gzip_decompress_ms": 0.026833004085347056,
      "brotli_ratio": null,
      "brotli_compress_ms": null,
      "brotli_decompress_ms": null,
      "zstd_ratio": null,
      "zstd_compress_ms": null,
      "zstd_decompress_ms": null
    },
    {
      "dataset": "code_small_64",
      "category": "small",
      "size_bytes": 64,
      "aura_ratio": 0.9846153846153847,
      "aura_compress_ms": 0.0026669877115637064,
      "aura_decompress_ms": 0.001667009200900793,
      "aura_packet_count": 1,
      "aura_handshake_ms": 1.2639999913517386,
      "gzip_ratio": 0.8533333333333334,
      "gzip_compress_ms": 0.03183301305398345,
      "gzip_decompress_ms": 0.02429200685583055,
      "brotli_ratio": null,
      "brotli_compress_ms": null,
      "brotli_decompress_ms": null,
      "zstd_ratio": null,
      "zstd_compress_ms": null,
      "zstd_decompress_ms": null
    },
    {
      "dataset": "code_medium_2048",
      "category": "medium",
      "size_bytes": 2048,
      "aura_ratio": 1.1052347544522396,
      "aura_compress_ms": 10.590250021778047,
      "aura_decompress_ms": 1.95237499428913,
      "aura_packet_count": 1,
      "aura_handshake_ms": 1.2049999786540866,
      "gzip_ratio": 12.56441717791411,
      "gzip_compress_ms": 0.031083007343113422,
      "gzip_decompress_ms": 0.02258300082758069,
      "brotli_ratio": null,
      "brotli_compress_ms": null,
      "brotli_decompress_ms": null,
      "zstd_ratio": null,
      "zstd_compress_ms": null,
      "zstd_decompress_ms": null
    }
  ],
  "summary": {
    "small": {
      "aura_ratio_avg": 0.9846153846153847,
      "aura_compress_ms_avg": 0.0026806665118783712,
      "gzip_ratio_avg": 0.835004995004995
    },
    "medium": {
      "aura_ratio_avg": 1.3112525922019451,
      "aura_compress_ms_avg": 11.050041677663103,
      "gzip_ratio_avg": 12.341199071188244
    }
  }
}